crim,indus,tax
0.03359,2.95,252
5.09017,18.1,666
0.1265,5.13,284
0.05515,2.18,222
8.15174,18.1,666
0.24522,9.9,304
